datasetnum,channel,count,density_per_epoch,mean_duration_seconds,mean_amplitude_peak2trough_potential,mean_slope_to_trough_min_potential_per_second,mean_slope_zerocrossing_to_trough_potential_per_second,mean_slope_trough_to_up_max_potential_per_second,mean_slope_trough_to_zerocrossing_potential_per_second,mean_frequency_by_duration,mean_frequency_by_trough_to_peak_latency,epoch_length_seconds,lengths_ROI_seconds,used_meanNegPeak_potential,used_meanP2T_potential,mean_SD_of_filtered_signal,mean_negative_peak_potential,mean_positive_peak_potential
1,EEGC3,694,1.32696,1.260346,130.6529,-577.624,-331.1208,559.8424,327.5235,0.793433,0.842949,30,15690,-39.29784,72.31276,38.98001,-74.06619,56.58669
1,EEGC4,717,1.370937,1.285049,127.3299,-565.4873,-316.9098,552.0486,303.9876,0.778181,0.805636,30,15690,-38.31012,70.87631,37.94998,-71.53523,55.79468
2,EEGC3,619,1.07279,1.175073,131.6305,-608.7962,-325.4153,635.3621,354.041,0.851011,0.910053,30,17310,-40.72944,77.40795,39.37965,-70.77225,60.85827
2,EEGC4,655,1.135182,1.175771,136.7591,-610.31,-330.3625,655.0843,366.3292,0.850506,0.925664,30,17310,-41.68464,79.05904,40.76259,-73.63476,63.1243
3,EEGC3,598,1.251046,1.298729,115.4585,-476.8506,-257.6829,491.9802,262.3795,0.769984,0.809684,30,14340,-36.3122,68.27995,34.41184,-61.9947,53.46381
3,EEGC4,544,1.138075,1.246581,130.3669,-569.877,-314.4077,568.7849,309.0419,0.802194,0.836769,30,14340,-40.51009,76.11882,38.85088,-70.75305,59.61385
4,EEGC3,1300,2.120718,1.255808,208.1506,-824.2992,-432.7412,901.5856,531.7708,0.7963,0.924806,30,18390,-59.76809,111.9825,62.7658,-112.2303,95.9202
4,EEGC4,1231,2.008157,1.24381,221.1445,-877.2553,-472.7058,945.3776,553.5491,0.803981,0.902202,30,18390,-63.91459,120.3993,66.91564,-118.7641,102.3804
5,EEGC3,677,1.090177,1.127474,165.7359,-756.6403,-423.3566,840.6199,489.4126,0.886938,0.995208,30,18630,-51.2578,96.69904,49.30575,-90.53249,75.20338
5,EEGC4,579,0.932367,1.122073,167.8445,-781.0041,-436.0737,846.3242,514.7382,0.891208,1.020156,30,18630,-52.09877,96.7843,50.11915,-93.27401,74.57051
6,EEGC3,1366,2.04491,1.166786,241.69,-972.9189,-532.7481,1160.307,686.0611,0.857055,1.003202,30,20040,-67.92177,127.264,73.86507,-130.9546,110.7355
6,EEGC4,1384,2.071856,1.199415,253.2298,-1032.596,-570.179,1158.762,677.0654,0.83374,0.925666,30,20040,-72.95373,136.261,77.3319,-138.5719,114.6579
7,EEGC3,803,1.517958,1.166526,165.6546,-703.0023,-385.0973,796.4861,484.6522,0.857247,0.996327,30,15870,-49.25938,91.75374,49.86322,-91.47635,74.17826
7,EEGC4,771,1.457467,1.168677,167.5517,-703.5201,-384.0212,822.6397,490.9229,0.855668,1.00341,30,15870,-50.06924,94.00833,50.20012,-90.37443,77.17729
8,EEGC3,1158,1.757208,1.199629,178.5169,-723.7392,-386.1147,824.2301,473.0691,0.833591,0.935062,30,19770,-51.55147,98.07828,53.96263,-94.97238,83.54457
8,EEGC4,1231,1.867982,1.245118,169.7548,-696.7512,-369.0048,765.9961,423.9187,0.803137,0.868872,30,19770,-50.75385,95.9429,51.11313,-90.6394,79.11542
9,EEGC3,610,1.191406,1.13118,151.737,-747.4907,-431.9539,759.4855,437.7914,0.884032,0.957794,30,15360,-48.4347,90.39556,45.26885,-84.07782,67.65917
9,EEGC4,625,1.220703,1.174304,150.3524,-705.4466,-397.7529,721.8716,407.2782,0.851568,0.909567,30,15360,-48.13274,90.13898,44.7202,-82.69697,67.65538
10,EEGC3,998,1.62013,1.130741,158.9038,-634.1375,-335.7304,751.8143,424.6604,0.884375,1.011801,30,18480,-46.36674,88.63224,48.70946,-83.19753,75.70623
10,EEGC4,1052,1.707792,1.141103,164.6289,-659.001,-356.3713,773.7695,446.4421,0.876345,1.009287,30,18480,-49.07078,93.15235,50.60313,-87.20312,77.42574
11,EEGC3,608,1.076106,1.202862,114.7061,-518.8398,-301.8162,515.977,297.1788,0.831351,0.846962,30,16950,-36.21874,67.22276,34.76431,-63.85821,50.84786
11,EEGC4,636,1.125664,1.213601,114.5482,-496.6247,-277.3232,512.8581,300.7309,0.823994,0.866343,30,16950,-37.1093,68.88657,34.40373,-63.3077,51.24047
12,EEGC3,1017,1.42437,1.198142,162.745,-772.7887,-448.3096,726.5164,410.2606,0.834626,0.84774,30,21420,-51.47248,94.19217,48.68045,-92.03778,70.70717
12,EEGC4,1093,1.530812,1.195773,178.4746,-859.9068,-503.0992,789.8476,448.7978,0.836279,0.856838,30,21420,-56.65703,103.6016,53.57529,-101.2514,77.22314
13,EEGC3,1378,2.123267,1.270704,167.0265,-689.2916,-394.4759,688.8397,412.3612,0.786965,0.832367,30,19470,-52.24592,96.40155,50.98198,-92.72824,74.29826
13,EEGC4,1420,2.187982,1.296042,176.5745,-736.9989,-421.5337,713.7307,419.6868,0.77158,0.808905,30,19470,-54.82035,101.3131,53.52374,-98.78069,77.7938
14,EEGC3,793,1.510476,1.296368,152.9466,-634.4375,-336.6179,689.1791,391.8906,0.771386,0.846589,30,15750,-45.34211,84.15204,45.53323,-84.77873,68.1679
14,EEGC4,703,1.339048,1.310526,134.0534,-558.5207,-298.8358,581.1906,323.2943,0.763052,0.820801,30,15750,-40.51553,76.03851,40.13815,-73.51797,60.53544
15,EEGC3,982,1.647651,1.18055,168.7811,-898.5593,-528.3606,736.9336,388.6958,0.847063,0.7931,30,17880,-52.26712,96.45189,50.40448,-95.06609,73.71504
15,EEGC4,940,1.577181,1.195457,173.4655,-899.8031,-535.0066,743.4104,397.9062,0.8365,0.788644,30,17880,-52.95011,97.51729,51.5306,-98.05055,75.41491
16,EEGC3,880,1.533101,1.179955,151.7467,-668.563,-375.6519,719.2118,427.0468,0.84749,0.944672,30,17220,-45.5178,84.3504,45.54578,-84.44591,67.30079
16,EEGC4,930,1.620209,1.205387,157.6235,-687.761,-391.6392,738.2579,431.736,0.829609,0.91763,30,17220,-47.62272,87.68604,47.19197,-88.73704,68.88645
17,EEGC3,1458,2.314286,1.266214,227.0382,-839.4896,-446.9908,995.3006,569.4855,0.789756,0.917177,30,18900,-64.32205,122.6574,69.77799,-120.8286,106.2096
17,EEGC4,1517,2.407937,1.250224,229.6651,-851.1666,-459.5802,1000.757,581.0081,0.799857,0.921908,30,18900,-64.90122,123.167,70.59708,-123.396,106.2691
18,EEGC3,934,1.661922,1.262923,154.7748,-593.7656,-325.7385,661.0474,377.5215,0.791814,0.883583,30,16860,-44.43588,84.51985,47.21717,-83.06316,71.71166
18,EEGC4,945,1.681495,1.254413,157.8389,-589.6032,-325.1397,657.5337,392.096,0.797186,0.923483,30,16860,-46.05132,86.1955,48.43582,-84.95241,72.88654
19,EEGC3,630,1.026059,1.156984,117.0904,-508.5211,-286.3789,561.442,322.5301,0.864316,0.958029,30,18420,-38.1184,70.99633,35.18274,-63.06687,54.02351
19,EEGC4,627,1.021173,1.163604,117.6816,-515.925,-292.5626,557.4204,333.3475,0.859399,0.961096,30,18420,-38.29728,70.57046,35.64222,-65.14634,52.53529
20,EEGC3,739,1.184295,1.139147,170.8173,-775.0741,-428.5753,835.6053,477.7857,0.877849,0.947971,30,18720,-50.29687,95.04412,51.40485,-92.17275,78.64456
20,EEGC4,763,1.222756,1.163237,163.275,-739.5887,-414.1821,811.2321,452.7258,0.85967,0.93783,30,18720,-49.77241,93.37131,48.63358,-88.67975,74.59529
21,EEGC3,686,1.094099,1.12398,170.546,-721.6275,-419.4729,765.8536,479.8252,0.889696,0.989699,30,18810,-48.41938,89.55393,52.58511,-93.74448,76.80149
21,EEGC4,682,1.087719,1.149853,159.777,-686.9976,-394.9964,707.6759,428.9974,0.869676,0.970515,30,18810,-45.75665,84.98315,48.88683,-88.17192,71.60509
22,EEGC3,696,1.238434,1.211092,138.2175,-564.1775,-303.5539,647.7937,369.8699,0.825701,0.932201,30,16860,-39.70415,74.70906,41.87839,-74.49442,63.72309
22,EEGC4,675,1.201068,1.231096,148.295,-594.161,-325.3044,687.3,392.8625,0.812284,0.915751,30,16860,-42.71964,80.05085,44.58439,-80.4252,67.86982
23,EEGC3,1281,2.131448,1.183739,206.3335,-773.1197,-427.8454,902.4569,553.6896,0.844781,0.999594,30,18030,-58.43435,109.6179,63.65002,-111.895,94.43844
23,EEGC4,1389,2.311148,1.204824,238.7877,-911.6397,-491.6185,1045.342,640.5474,0.829997,0.972376,30,18030,-68.34547,127.3834,73.01586,-130.4723,108.3154
24,EEGC3,974,1.648054,1.111838,228.4912,-942.5212,-541.6798,1165.2,687.5027,0.899412,1.103733,30,17730,-64.99277,120.9848,70.30528,-125.7338,102.7574
24,EEGC4,1079,1.825719,1.125477,269.2282,-1109.235,-639.4206,1350.658,813.4868,0.888512,1.10508,30,17730,-76.88414,141.8322,82.47162,-149.3147,119.9135
25,EEGC3,281,0.604301,1.11548,119.3302,-580.1724,-341.2818,575.7797,355.4349,0.896475,1.025922,30,13950,-33.84752,62.14632,35.48531,-68.21467,51.11557
25,EEGC4,256,0.550538,1.09582,110.7381,-539.3904,-309.8701,561.3277,328.8753,0.912558,1.041074,30,13950,-30.90751,57.86836,33.1819,-61.15511,49.58298
26,EEGC3,1039,1.749158,1.157584,157.9153,-656.444,-370.3608,676.8095,384.5388,0.863868,0.90318,30,17820,-46.8095,88.58732,49.12017,-84.31947,73.5958
26,EEGC4,1027,1.728956,1.182512,159.931,-658.5532,-373.2133,689.5256,394.4533,0.845657,0.897194,30,17820,-48.51203,90.87003,49.21531,-86.42091,73.51006
27,EEGC3,735,1.229097,1.211864,127.3579,-553.1296,-314.6711,577.1815,327.5206,0.825175,0.878703,30,17940,-38.87121,73.12216,38.52736,-70.10783,57.25004
27,EEGC4,776,1.297659,1.184781,142.7752,-634.3603,-359.2243,665.2507,384.2184,0.844038,0.918061,30,17940,-43.28045,81.19649,43.06454,-79.14383,63.63136
28,EEGC3,497,1.01222,1.189859,159.2772,-628.8444,-336.2597,817.2515,468.137,0.840436,1.038662,30,14730,-42.91847,81.39347,47.65136,-85.4952,73.78196
28,EEGC4,545,1.10998,1.225394,159.9952,-641.2887,-340.6451,764.0273,428.9629,0.816064,0.936426,30,14730,-44.75751,84.83944,47.80787,-85.42687,74.56831
29,EEGC3,465,1.223684,1.104344,210.1383,-920.0751,-499.6707,1048.46,614.3954,0.905515,1.050468,30,11400,-61.59358,117.5871,64.09372,-113.2035,96.93487
29,EEGC4,452,1.189474,1.113783,209.159,-927.5919,-501.4049,1027.099,579.6953,0.897841,0.977932,30,11400,-62.70202,119.4682,63.44113,-112.0313,97.12762
30,EEGC3,883,1.417335,1.177746,165.3726,-734.9999,-423.5158,749.1308,441.93,0.849079,0.934451,30,18690,-47.39119,87.83666,50.48532,-93.15663,72.21599
30,EEGC4,789,1.266453,1.197744,158.0035,-715.6297,-409.5518,711.0502,419.6456,0.834903,0.884728,30,18690,-46.42393,85.49631,47.80672,-88.78408,69.21947
31,EEGC3,1040,1.680129,1.220288,162.4953,-693.1662,-397.5954,698.5697,413.2791,0.819478,0.883347,30,18570,-48.97351,91.19407,49.55194,-89.4381,73.05722
31,EEGC4,1044,1.686591,1.242778,168.6489,-709.3763,-395.6261,718.1895,414.2443,0.804649,0.847526,30,18570,-50.99488,94.98062,51.27872,-92.51949,76.12943
32,EEGC3,902,1.599291,1.205865,155.2088,-642.055,-329.8777,736.8803,342.7435,0.82928,0.871733,30,16920,-49.83957,98.06942,46.35272,-79.23005,75.97877
32,EEGC4,852,1.510638,1.226702,152.085,-643.8852,-337.207,710.1988,342.7007,0.815194,0.842197,30,16920,-49.48774,96.60049,45.35598,-79.27279,72.81225
33,EEGC3,644,1.181651,1.246398,168.1796,-789.1746,-452.3109,768.1072,450.1757,0.802312,0.842998,30,16350,-48.96363,89.59132,49.88555,-96.90489,71.27476
33,EEGC4,680,1.247706,1.256176,160.4703,-745.169,-426.6298,696.0536,407.8342,0.796066,0.810701,30,16350,-47.24165,86.64912,47.54724,-91.90049,68.56984
34,EEGC3,1139,1.846029,1.201958,229.5533,-889.5927,-468.6756,1055.979,642.8617,0.831976,0.999666,30,18510,-60.83554,113.7747,70.01316,-124.9768,104.5766
34,EEGC4,1161,1.881686,1.211008,240.1537,-953.3741,-515.7732,1106.662,666.6753,0.825759,0.987732,30,18510,-64.06345,118.6876,73.21946,-132.5947,107.559
35,EEGC3,789,1.274637,1.107921,141.6811,-587.3267,-340.2099,683.37,432.6136,0.902591,1.103034,30,18570,-45.62195,82.82242,43.49229,-78.95493,62.72618
35,EEGC4,754,1.218094,1.117984,151.2124,-640.7355,-373.1386,711.9156,444.6734,0.894467,1.061553,30,18570,-48.1888,87.04336,46.43801,-84.43556,66.77689
36,EEGC3,1025,1.596573,1.202351,116.1513,-501.2369,-281.2101,513.5365,280.1775,0.831704,0.874066,30,19260,-39.04036,74.00987,34.85698,-62.60565,53.54569
36,EEGC4,996,1.551402,1.171355,116.1951,-512.0639,-291.8725,528.6563,305.9593,0.853712,0.906377,30,19260,-38.84728,72.65393,35.01444,-64.24541,51.94964
37,EEGC3,686,1.715,1.324213,114.0094,-461.8406,-248.5993,473.0454,248.3476,0.755166,0.752837,30,12000,-36.47947,69.74999,34.2395,-60.52892,53.48047
37,EEGC4,681,1.7025,1.364949,109.0505,-443.1476,-237.2212,449.4288,225.3332,0.732628,0.73558,30,12000,-35.83864,68.37707,32.70814,-58.14756,50.90291
38,EEGC3,764,1.646552,1.377317,120.6962,-475.428,-249.2283,500.9074,273.6964,0.726049,0.75964,30,13920,-37.92401,71.36925,36.05789,-65.35833,55.33786
38,EEGC4,742,1.599138,1.389232,114.8262,-448.1828,-238.2372,470.8611,235.333,0.719822,0.72314,30,13920,-36.70507,70.07348,34.28048,-60.70057,54.12567
39,EEGC3,997,2.010081,1.455436,128.7062,-482.7985,-249.7271,500.0399,235.2111,0.687079,0.694996,30,14880,-42.61158,82.59305,38.47952,-66.56821,62.13801
39,EEGC4,929,1.872984,1.463089,126.0172,-454.9507,-238.1772,491.0181,220.2746,0.683485,0.684195,30,14880,-40.92966,79.68916,37.5522,-64.798,61.21921
40,EEGC3,547,0.97331,1.288135,104.6983,-444.7039,-237.9529,482.2632,259.0361,0.776316,0.830651,30,16860,-31.89902,60.88685,30.74737,-56.36934,48.32894
40,EEGC4,529,0.941281,1.288885,99.48904,-426.5428,-229.1078,457.5661,228.7764,0.775865,0.803097,30,16860,-31.35975,59.8012,29.26914,-53.03988,46.44916
41,EEGC3,900,1.410658,1.168222,147.6817,-648.9129,-354.1406,688.8953,383.5358,0.856002,0.903633,30,19140,-43.99525,83.03871,44.63021,-79.58791,68.0938
41,EEGC4,958,1.501567,1.212808,147.1607,-646.7181,-343.974,691.2409,384.8342,0.824533,0.86996,30,19140,-43.41377,81.59396,44.08573,-79.88866,67.27206
42,EEGC3,1358,1.857729,1.245398,153.5432,-671.2805,-379.8816,673.2197,363.0028,0.802956,0.808276,30,21930,-49.15463,92.33777,45.6627,-83.36866,70.17452
42,EEGC4,1199,1.640219,1.22593,140.8684,-614.4743,-336.5534,634.7172,313.5078,0.815707,0.809413,30,21930,-44.73909,85.74488,42.13931,-73.38446,67.48392
43,EEGC3,798,1.194611,1.206504,135.9701,-611.6383,-333.1835,636.9632,304.3033,0.828841,0.816569,30,20040,-43.02953,83.20383,40.12399,-70.2335,65.73663
43,EEGC4,941,1.408683,1.199713,145.7402,-663.44,-355.328,690.63,343.0471,0.833533,0.829104,30,20040,-45.76485,88.77636,43.24106,-75.67789,70.06226
44,EEGC3,342,0.592721,1.099561,88.10915,-396.3376,-196.6934,500.826,274.089,0.909454,1.082827,30,17310,-28.06314,53.53986,26.13912,-45.61405,42.4951
44,EEGC4,398,0.689775,1.10995,96.85105,-422.0809,-213.7675,552.9734,312.5925,0.900942,1.105556,30,17310,-29.486,56.19367,28.73467,-51.74578,45.10527
45,EEGC3,1552,2.217143,1.245664,209.7486,-830.8922,-451.9607,970.2656,540.4972,0.802785,0.910168,30,21000,-62.12768,117.7568,63.45737,-112.5805,97.1681
45,EEGC4,1641,2.344286,1.258513,223.2408,-876.8097,-480.0846,989.4584,545.3169,0.794588,0.876359,30,21000,-66.46829,125.7428,67.59979,-120.3303,102.9105
46,EEG C3,630,1.197719,1.326111,111.8745,-437.7556,-231.7805,466.5028,246.4399,0.754085,0.798439,30,15780,-33.87481,64.57776,33.3461,-59.26852,52.60599
46,EEG C4,706,1.342205,1.35721,112.5147,-429.7611,-228.3009,458.2865,226.288,0.736806,0.757348,30,15780,-34.24174,65.65023,33.72442,-58.46863,54.04608
47,EEGC3,372,0.759184,1.14914,115.9958,-542.7942,-301.0764,584.4273,307.1173,0.870216,0.942249,30,14700,-35.53869,67.22297,34.64797,-61.58499,54.41085
47,EEGC4,329,0.671429,1.125502,128.1917,-587.0388,-327.7033,649.5988,363.6885,0.888493,1.048305,30,14700,-37.11467,70.05399,38.52695,-69.64503,58.54662
48,EEGC3,603,1.092391,1.137463,145.2366,-667.9993,-376.1383,715.7553,409.8431,0.87915,0.931245,30,16560,-42.69491,80.25959,43.78266,-79.81273,65.42382
48,EEGC4,639,1.157609,1.138247,152.3165,-712.567,-397.7544,741.433,438.678,0.878544,0.951318,30,16560,-44.96672,83.83228,45.88424,-85.20889,67.10759
49,EEGC3,225,0.778547,1.080933,160.758,-793.7271,-469.9756,805.7276,478.0204,0.925126,1.016995,30,8670,-43.10231,80.40324,48.5532,-90.46389,70.2941
49,EEGC4,278,0.961938,1.076115,174.0996,-827.1648,-492.1525,862.3246,531.3099,0.929269,1.069313,30,8670,-47.63864,87.2405,52.33503,-97.8853,76.21427
50,EEGC3,777,1.288557,1.279614,104.7121,-395.7172,-206.7373,456.0858,241.7333,0.781486,0.857011,30,18090,-31.66774,61.30153,31.71333,-53.42042,51.29172
50,EEGC4,781,1.295191,1.316761,104.2451,-387.6787,-201.1816,445.266,235.1321,0.75944,0.826193,30,18090,-31.13706,59.70556,31.43763,-53.72614,50.51894
51,EEGC3,915,1.926316,1.226918,202.8791,-809.0881,-461.3379,856.825,518.4614,0.81505,0.939329,30,14250,-56.59964,105.5091,62.17209,-111.8787,91.00043
51,EEGC4,980,2.063158,1.263765,202.7857,-782.7509,-439.7039,832.0255,496.164,0.791286,0.898984,30,14250,-57.62015,107.7586,62.33423,-111.2573,91.5284
52,EEGC3,689,1.181818,1.190247,119.1338,-526.607,-289.2351,568.7682,295.4229,0.840162,0.883809,30,17490,-36.73624,70.08294,35.79354,-63.82593,55.30784
52,EEGC4,613,1.051458,1.200979,137.2889,-606.3768,-325.2156,662.4779,353.3975,0.832654,0.887685,30,17490,-43.07386,80.91441,40.86196,-74.37033,62.91854
53,EEGC3,685,1.273234,1.214438,127.6815,-561.867,-310.6686,571.9432,336.9491,0.823426,0.902932,30,16140,-40.45044,74.17712,38.63648,-70.95637,56.72512
53,EEGC4,796,1.479554,1.256168,130.0332,-548.2444,-294.8484,584.9747,342.6705,0.796072,0.898359,30,16140,-40.95371,75.8309,39.30197,-71.20029,58.83289
54,EEGC3,507,1.04321,1.162268,113.9052,-551.57,-308.6389,538.0241,292.3324,0.860387,0.894622,30,14580,-36.01414,67.53804,33.97138,-62.28422,51.62094
54,EEGC4,505,1.039095,1.146297,107.0657,-516.9095,-284.2237,552.7924,295.6239,0.872374,0.935324,30,14580,-34.44251,64.88289,31.76442,-57.50202,49.56373
55,EEGC3,1236,1.697802,1.203519,182.6008,-756.5975,-413.2563,852.354,496.0599,0.830896,0.943396,30,21840,-53.37132,99.72421,55.20825,-99.69401,82.90679
55,EEGC4,1294,1.777473,1.2284,186.9811,-776.0246,-423.6513,851.8188,507.2535,0.814067,0.923349,30,21840,-54.837,101.3097,56.5898,-103.4518,83.52932
56,EEGC3,724,1.450902,1.25326,231.7021,-812.4043,-409.4637,1063.481,637.0906,0.797919,1.000608,30,14970,-53.88756,103.251,70.55803,-120.8305,110.8716
56,EEGC4,699,1.400802,1.228712,226.072,-807.5914,-417.6289,1048.243,614.0466,0.81386,1.012134,30,14970,-53.75486,103.9385,68.91309,-117.3746,108.6974
57,EEGC3,1522,2.205797,1.187812,149.0319,-649.8393,-373.0005,643.5022,356.591,0.841884,0.85165,30,20700,-48.68827,91.74826,44.94796,-80.61858,68.41331
57,EEGC4,1388,2.011594,1.213595,141.4028,-626.0262,-353.954,622.8968,332.7022,0.823998,0.82562,30,20700,-47.12984,88.62557,42.43613,-76.52407,64.8787
58,EEGC3,1086,1.798013,1.175893,154.8933,-601.5733,-316.95,745.0828,427.4267,0.850417,1.001716,30,18120,-45.52021,87.51206,46.92643,-81.9236,72.96972
58,EEGC4,1032,1.708609,1.17001,162.9978,-640.8113,-344.0718,769.5421,448.7137,0.854694,0.979834,30,18120,-47.29815,90.83712,49.2953,-87.01731,75.98046
59,EEGC3,795,1.153846,1.154604,170.7437,-732.2808,-406.2406,857.5481,502.2338,0.866098,1.02684,30,20670,-45.6183,84.81329,51.70299,-93.71525,77.02849
59,EEGC4,865,1.255443,1.179006,167.8988,-684.9139,-367.7293,832.9367,486.8271,0.848172,1.006915,30,20670,-45.26463,84.5051,50.67409,-92.02226,75.87659
60,EEGC3,1137,1.743865,1.214239,171.6263,-666.7402,-359.3339,792.363,450.6093,0.823561,0.94188,30,19560,-47.25684,90.39232,52.23097,-91.27411,80.35222
60,EEGC4,1072,1.644172,1.188461,166.0711,-659.2219,-351.4068,789.642,453.6208,0.841424,0.976161,30,19560,-46.996,89.30482,50.06993,-88.81562,77.25551
61,EEGC3,898,1.56446,1.412461,95.21535,-384.1737,-210.6102,371.4085,188.7965,0.707984,0.708929,30,17220,-31.54128,59.70212,28.51605,-51.2726,43.94275
61,EEGC4,872,1.519164,1.435229,95.84756,-384.2711,-209.6026,365.1714,180.091,0.696753,0.687014,30,17220,-31.93463,60.62405,28.58849,-51.13527,44.71229
62,EEGC3,709,1.154723,1.328914,75.69121,-280.9837,-151.3062,309.9027,166.2508,0.752494,0.783755,30,18420,-26.14894,49.45826,22.88526,-39.48615,36.20506
62,EEGC4,767,1.249186,1.336793,79.58754,-290.8906,-157.2974,315.9314,172.1972,0.748059,0.780916,30,18420,-27.32869,51.53195,24.09983,-42.10935,37.47819
63,EEGC3,954,1.703571,1.196258,172.8413,-787.6307,-450.4344,748.279,423.0248,0.83594,0.864475,30,16800,-54.61171,101.8795,52.05793,-94.68811,78.15314
63,EEGC4,949,1.694643,1.202287,165.4837,-727.6358,-410.1567,710.6847,396.1906,0.831748,0.860209,30,16800,-51.51359,97.3955,50.06447,-89.52235,75.96132
64,EEGC3,776,1.229794,1.198686,147.7853,-638.9465,-351.1875,693.7759,395.682,0.834247,0.908814,30,18930,-44.98063,85.30016,44.21456,-80.66961,67.1157
64,EEGC4,867,1.37401,1.226021,145.2907,-625.175,-344.184,670.1833,368.0902,0.815647,0.868476,30,18930,-44.42054,84.48109,43.32203,-79.07289,66.21786
65,EEGC3,687,1.178388,1.325677,113.1545,-462.2446,-254.3316,487.8961,261.3968,0.754332,0.810428,30,17490,-33.50211,63.32274,33.6778,-61.12076,52.03378
65,EEGC4,663,1.137221,1.328899,106.2853,-430.5703,-233.7515,456.2327,249.8414,0.752503,0.799508,30,17490,-32.66341,61.3975,31.76805,-57.33597,48.94938
66,EEGC3,957,1.605705,1.198328,165.3328,-666.756,-354.5202,774.3767,423.8094,0.834496,0.942096,30,17880,-49.62777,96.20389,49.6502,-86.17856,79.15427
66,EEGC4,852,1.42953,1.203615,153.5748,-635.5321,-337.558,733.0222,391.9491,0.83083,0.919709,30,17880,-47.33475,91.68287,46.03537,-80.15635,73.41846
67,EEG_-C3/A2,1810,2.549296,1.284282,208.2361,-785.5127,-422.4369,878.7972,496.9529,0.778645,0.864721,30,21300,-60.90597,115.488,64.14065,-112.2141,96.02193
67,EEG_-C4/A1,1890,2.661972,1.288852,204.9598,-780.3766,-419.8788,860.8675,508.2485,0.775884,0.876656,30,21300,-61.66559,115.0349,62.87557,-112.9369,92.02289
68,EEG_-C3/A2,1227,2.152632,1.201467,156.6554,-603.3953,-322.325,732.7968,431.9238,0.832316,0.972667,30,17100,-48.53932,91.89184,47.62227,-84.44894,72.20646
68,EEG_-C4/A1,1181,2.07193,1.158425,159.3854,-623.9309,-338.2472,752.9137,450.3176,0.863241,1.020091,30,17100,-48.65757,92.1895,48.62205,-86.28238,73.10302
69,EEG_-C3/A2,855,1.387987,1.166643,179.5757,-722.1959,-385.5272,919.6769,540.4872,0.85716,1.055842,30,18480,-48.57477,90.96298,54.45247,-97.62467,81.95106
69,EEG_-C4/A1,976,1.584416,1.175676,185.2966,-745.7253,-399.7954,908.9029,533.2262,0.850574,1.026655,30,18480,-50.43627,94.50766,56.43419,-101.1938,84.10274
70,EEG_-C3/A2,970,1.584967,1.207515,115.0777,-497.2135,-278.5087,518.9921,301.258,0.828147,0.887579,30,18360,-37.69212,69.78252,34.49921,-63.65656,51.42114
70,EEG_-C4/A1,868,1.418301,1.177811,110.1543,-476.3772,-262.9379,513.5804,302.8908,0.849033,0.931091,30,18360,-36.07237,67.09561,33.41469,-60.58409,49.57025
71,EEG_-C3/A2,795,1.382609,1.215195,136.6903,-589.559,-326.6137,604.8458,361.0201,0.822913,0.899301,30,17250,-42.93785,78.74094,41.15318,-75.70538,60.98493
71,EEG_-C4/A1,881,1.532174,1.224779,129.923,-563.3382,-322.057,576.5973,320.4602,0.816474,0.877385,30,17250,-41.15294,76.10652,39.44059,-70.90584,59.01718
72,EEG_-C3/A2,1020,1.543116,1.21349,143.739,-655.2594,-373.4763,639.2847,338.6809,0.824069,0.821031,30,19830,-45.61225,85.90842,42.57107,-77.54828,66.1907
72,EEG_-C4/A1,895,1.354009,1.204369,139.7721,-629.5991,-347.3482,643.1866,307.7481,0.830311,0.828136,30,19830,-43.15278,82.88589,41.68106,-72.48661,67.28552
73,EEG_-C3/A2,797,1.229938,1.223701,132.9125,-575.3348,-295.3298,642.3022,306.7486,0.817193,0.817503,30,19440,-42.7363,82.56277,39.03593,-68.07409,64.8384
73,EEG_-C4/A1,821,1.266975,1.212704,147.643,-654.5279,-341.3635,717.5577,348.2806,0.824604,0.831763,30,19440,-46.57675,89.96044,43.46839,-76.21001,71.43299
74,EEG_-C3/A2,817,1.411054,1.218213,187.4025,-689.8601,-357.1842,871.5227,501.3905,0.820875,0.983058,30,17370,-46.25048,89.50561,56.7127,-96.58648,90.81602
74,EEG_-C4/A1,828,1.430052,1.210483,197.456,-725.4378,-376.3388,908.2915,529.5286,0.826116,0.995647,30,17370,-49.06091,95.34155,60.1723,-101.8516,95.6044
75,EEG_-C3/A2,1356,2.02994,1.232316,224.5708,-924.1004,-511.037,1024.676,595.965,0.81148,0.913919,30,20040,-64.10966,118.7981,68.07743,-124.7965,99.77434
75,EEG_-C4/A1,1369,2.049401,1.25821,225.2358,-913.4499,-508.6425,1009.374,590.148,0.79478,0.892578,30,20040,-64.51563,120.454,68.07362,-124.7337,100.5021
76,EEG_-C3/A2,958,1.626486,1.14618,141.4369,-644.9113,-372.593,625.3793,318.6897,0.872464,0.855984,30,17670,-46.82897,89.33785,42.62862,-74.43063,67.00623
76,EEG_-C4/A1,927,1.573854,1.144477,138.3993,-645.3891,-361.3105,641.3109,328.0228,0.873762,0.871552,30,17670,-46.57927,89.12449,41.55957,-73.08663,65.3127
77,EEG_-C3/A2,658,1.337398,1.358176,101.4213,-440.6314,-246.6685,406.2679,211.721,0.736281,0.733458,30,14760,-32.76154,60.74408,30.23504,-56.28602,45.13527
77,EEG_-C4/A1,688,1.398374,1.347558,104.8234,-460.671,-257.0326,425.1932,210.1921,0.742083,0.719349,30,14760,-33.96327,64.24234,31.12091,-56.83439,47.98903
78,EEG_-C3/A2,461,1.203655,1.301605,75.88416,-297.9985,-165.2695,312.321,162.2319,0.768282,0.785376,30,11490,-26.71195,50.54798,22.88858,-40.06149,35.82267
78,EEG_-C4/A1,498,1.300261,1.338976,81.97274,-314.0706,-172.6505,323.1103,175.6784,0.746839,0.779123,30,11490,-28.05828,52.90587,24.73019,-43.78701,38.18573
79,EEG_-C3/A2,237,0.738318,1.103671,154.2889,-726.1711,-420.7508,755.4376,447.7428,0.906067,0.988324,30,9630,-38.46721,72.04785,46.45875,-85.17775,69.11111
79,EEG_-C4/A1,255,0.794393,1.087647,165.6037,-754.8367,-454.172,810.7323,498.0639,0.919416,1.060732,30,9630,-42.72116,79.12168,50.41248,-92.94594,72.6578
80,EEG_-C3/A2,1055,1.70712,1.345573,102.5751,-379.7754,-196.0111,421.0311,225.2697,0.743178,0.804398,30,18540,-32.91252,62.72358,31.3214,-53.54208,49.03307
80,EEG_-C4/A1,1131,1.830097,1.382803,109.0175,-406.3269,-208.1526,440.4705,228.6825,0.723169,0.771445,30,18540,-34.56428,65.79623,33.098,-57.70396,51.31356
81,EEG_-C3/A2,1214,2.054146,1.258995,208.4724,-791.7827,-442.0599,837.4123,497.1596,0.794284,0.884775,30,17730,-57.9716,109.1662,64.15376,-112.0414,96.43105
81,EEG_-C4/A1,1225,2.072758,1.28511,228.5032,-858.374,-477.4507,907.0589,545.0329,0.778143,0.879624,30,17730,-63.28068,118.0909,69.96603,-124.2027,104.3005
82,EEG_-C3/A2,787,1.361592,1.164867,134.0476,-580.0791,-323.0566,623.286,341.3548,0.858467,0.925577,30,17340,-40.2872,76.6504,40.22373,-71.65365,62.39397
82,EEG_-C4/A1,832,1.439446,1.164892,152.5007,-660.7769,-358.8937,730.4374,413.989,0.858449,0.957863,30,17340,-45.53608,85.41609,45.75275,-82.74528,69.75545
83,EEG_-C3/A2,452,1.086538,1.180111,123.7238,-553.5724,-317.8582,565.711,301.9566,0.847378,0.877363,30,12480,-37.81754,71.96061,37.29394,-65.6406,58.08322
83,EEG_-C4/A1,444,1.067308,1.169009,126.6283,-589.001,-331.7237,608.8102,335.3729,0.855425,0.907493,30,12480,-40.17777,75.22595,37.79799,-69.00444,57.62386
84,EEG_-C3/A2,1306,1.769648,1.185276,182.128,-754.8345,-415.6332,859.6886,509.9573,0.843686,0.967795,30,22140,-52.88644,98.25592,55.15917,-99.77656,82.35142
84,EEG_-C4/A1,1445,1.957995,1.205709,190.4315,-785.6995,-435.2735,875.7238,511.7509,0.829387,0.929308,30,22140,-55.41943,102.9873,57.51448,-104.1432,86.28838
85,EEG_-C3/A2,217,0.393829,1.135622,81.05324,-380.9502,-205.3504,446.6944,244.0585,0.880575,1.049932,30,16530,-25.01039,46.31498,23.64065,-43.5975,37.45574
85,EEG_-C4/A1,268,0.486388,1.113172,88.28518,-412.437,-226.5719,486.1107,276.9241,0.898334,1.045486,30,16530,-26.51527,50.1753,25.97533,-46.72784,41.55734
86,EEG_-C3/A2,770,1.498054,1.153896,157.7234,-728.4993,-409.6528,747.5505,424.2429,0.866629,0.911437,30,15420,-48.27061,90.52857,47.54837,-86.75043,70.97294
86,EEG_-C4/A1,747,1.453307,1.163722,169.0918,-767.4799,-426.1949,811.8005,484.797,0.859312,0.922929,30,15420,-52.21399,97.04686,50.84898,-94.91122,74.18054
87,EEG_-C3/A2,772,1.29097,1.151943,131.7245,-562.0734,-324.4085,621.7184,379.8325,0.868099,0.998448,30,17940,-41.72758,75.79601,39.9819,-73.19067,58.53382
87,EEG_-C4/A1,800,1.337793,1.144137,142.5399,-609.2246,-353.7688,679.3621,426.2739,0.874021,1.010458,30,17940,-45.88517,82.59174,43.34291,-80.0611,62.47885
88,EEG_-C3/A2,754,1.574113,1.36057,109.2083,-443.9325,-240.5986,451.3681,224.6775,0.734986,0.75239,30,14370,-35.41117,67.80579,32.50268,-57.49591,51.7124
88,EEG_-C4/A1,809,1.688935,1.363362,104.7775,-424.4703,-229.2534,426.6403,211.0324,0.733481,0.731293,30,14370,-34.40761,65.64342,31.28885,-55.39527,49.38225
89,EEG_-C3/A2,762,1.53012,1.29105,129.9331,-535.9115,-282.7799,579.6914,329.9942,0.774563,0.856257,30,14940,-39.83197,74.4662,38.712,-71.40569,58.52744
89,EEG_-C4/A1,669,1.343373,1.252795,126.4908,-535.7262,-288.4,584.1557,323.5091,0.798215,0.854865,30,14940,-38.98941,73.84959,37.8197,-68.79102,57.69978
90,EEG_-C3/A2,1115,1.919105,1.361794,137.4396,-558.6764,-303.4668,555.4845,284.9282,0.734326,0.751044,30,17430,-43.97227,83.67866,40.94211,-72.52376,64.91581
90,EEG_-C4/A1,1143,1.967298,1.374777,130.3407,-529.7918,-285.3515,528.6824,259.2046,0.727391,0.715816,30,17430,-42.55185,81.13589,38.77944,-67.98187,62.35883
91,EEG_-C3/A2,672,1.391304,1.217098,118.6562,-508.6667,-268.1957,589.3196,326.0069,0.821626,0.904466,30,14490,-36.99887,69.95064,35.35745,-63.78643,54.8698
91,EEG_-C4/A1,597,1.236025,1.242965,110.504,-474.1901,-246.1031,538.3476,279.7736,0.804528,0.879441,30,14490,-35.35472,67.08325,32.69822,-59.11748,51.38649
92,EEG_-C3/A2,887,1.493266,1.184893,161.3409,-697.1613,-381.9552,718.5613,405.0561,0.843958,0.902064,30,17820,-47.45319,89.48029,48.79923,-86.35124,74.98967
92,EEG_-C4/A1,833,1.402357,1.199628,171.6297,-755.6738,-417.2686,776.6514,453.6515,0.833592,0.912217,30,17820,-50.42044,93.25638,51.64922,-94.77926,76.85048
93,EEG_-C3/A2,980,1.672355,1.232837,167.7971,-647.9467,-339.6256,763.694,439.0882,0.811137,0.947244,30,17580,-45.30525,86.28429,50.87537,-89.36394,78.43315
93,EEG_-C4/A1,1044,1.78157,1.227155,163.4857,-619.8772,-328.9165,736.3645,406.4925,0.814893,0.917947,30,17580,-44.09683,85.30606,49.67564,-85.70937,77.77631
94,EEG_-C3/A2,1256,1.968652,1.400589,119.952,-450.7534,-234.7684,470.8392,226.7694,0.713985,0.728462,30,19140,-37.39317,72.39084,36.10048,-61.85246,58.0995
94,EEG_-C4/A1,1306,2.047022,1.432649,129.9677,-470.757,-241.3029,487.634,241.4417,0.698008,0.706901,30,19140,-40.11937,77.87119,39.33162,-67.34475,62.62296
95,EEG_-C3/A2,790,1.153285,1.168899,133.4114,-575.6906,-319.5788,637.0963,347.8494,0.855506,0.919674,30,20550,-39.96271,76.61962,40.15323,-70.29269,63.11875
95,EEG_-C4/A1,799,1.166423,1.168786,142.0106,-624.4346,-347.6134,683.9149,376.8496,0.855589,0.928638,30,20550,-42.1366,80.45486,42.80411,-75.45145,66.55912
96,EEG_-C3/A2,687,1.108065,1.188297,143.1056,-629.1084,-355.961,673.5317,392.0751,0.84154,0.913661,30,18600,-42.69205,79.18286,43.08346,-80.13711,62.96854
96,EEG_-C4/A1,688,1.109677,1.194244,149.5523,-662.6548,-374.7013,699.7847,418.1207,0.83735,0.914091,30,18600,-43.53001,80.92316,44.71997,-83.77147,65.78084
97,EEG_-C3/A2,829,1.215543,1.289144,130.6284,-534.7842,-291.0552,569.0667,314.9274,0.775709,0.848916,30,20460,-38.1929,71.90723,39.34051,-70.50797,60.12038
97,EEG_-C4/A1,766,1.123167,1.277546,126.7092,-525.4438,-280.8809,565.9271,319.629,0.782751,0.863838,30,20460,-37.26851,69.58672,38.09941,-69.03571,57.67348
98,EEG_-C3/A2,895,1.672897,1.186872,176.0564,-697.8902,-381.0778,829.7832,484.2806,0.842551,0.985683,30,16050,-51.93644,98.80492,52.60023,-94.07195,81.98443
98,EEG_-C4/A1,765,1.429907,1.154209,173.1035,-716.5291,-389.7769,858.8376,487.7119,0.866394,1.003884,30,16050,-51.24342,98.07667,51.28427,-92.22801,80.87544
